time,x,y,z
0.0,0.0,0.0,0.0
0.05,-287775.5986972418,460371.0895183027,2876934.005827897
0.1,-296294.1314384611,473841.2199318049,2961218.3472980554
0.15000000000000002,-285629.346139005,456532.0786782317,2853154.0251216344
0.2,-273089.65933606226,436233.2040585715,2726417.8561349967
0.25,-262990.85302626016,419917.95841098024,2624563.9284645505
0.3,-257605.71670227562,411244.9537895872,2570405.3328547864
0.35,-257688.0965593332,411402.98522612243,2571328.34492289
0.39999999999999997,-261995.04941213634,418358.73854073364,2614610.5682901824
0.44999999999999996,-269269.61946942244,430028.6677313799,2687259.811558862
0.49999999999999994,-277732.10254043527,443486.6642706058,2771031.459353656
0.5499999999999999,-285355.1899038376,455429.06401029264,2845312.2991408766
0.6,-290220.4214412602,462771.70852271194,2890835.470080646
0.65,-290831.2845585782,463162.82675178564,2892892.906785576
0.7000000000000001,-287745.2394174879,457566.6822045974,2857499.3093843325
0.7500000000000001,-282245.1469526437,448107.38337152463,2797925.2108820337
0.8000000000000002,-276674.34315920196,438563.2369937531,2737785.2776012756
0.8500000000000002,-273400.2666755298,432701.7450600036,2700614.4872561623
0.9000000000000002,-273816.9312492301,432705.02934635803,2700023.5232923115
0.9500000000000003,-277838.0819642432,438389.11174788186,2734833.4769704714
1.0000000000000002,-284079.15694292815,447515.4327079304,2791042.704553745
1.0500000000000003,-290562.42315253767,456924.139777672,2848922.023635664
1.1000000000000003,-295536.3931710285,463839.6761144647,2891170.82661141
1.1500000000000004,-298088.45014037273,466838.1171619182,2908943.772025006
1.2000000000000004,-298255.4704151039,466011.47428040573,2902851.168200029
1.2500000000000004,-296795.1965307718,462589.6374557182,2880580.340786287
1.3000000000000005,-294814.12816348707,458337.0191185809,2853126.4082833906
1.3500000000000005,-293414.57209661,454987.1450116673,2831274.451740136
1.4000000000000006,-293422.07356871595,453814.86793016427,2822945.8775842804
1.4500000000000006,-295264.8064744959,455455.54132183915,2832081.8977079345
1.5000000000000007,-298815.3319851747,459674.269242359,2857211.8962445045
1.5500000000000007,-303449.11061875755,465473.7545817093,2892129.1651441483
1.6000000000000008,-308209.7644386582,471365.0223678287,2927577.4639181495
1.6500000000000008,-312130.72707291396,475870.84121688374,2954383.049644828
1.7000000000000008,-314564.94931075163,478029.01318547444,2966581.460116183
1.7500000000000009,-315393.9848589564,477698.4778168641,2963314.572517217
1.800000000000001,-315123.25545574375,475683.43544701225,2949592.914252511
1.850000000000001,-314598.62102006807,473285.65988929383,2933503.675552989
1.900000000000001,-314719.23327590374,471860.8616791293,2923454.9419540535
1.950000000000001,-316110.30841477186,472327.9212759205,2925133.6635061437
2.000000000000001,-318923.47547784774,474880.78175499587,2939727.845171378
2.0500000000000007,-322844.3082960825,479015.61900903727,2964105.54535007
2.1000000000000005,-327238.54379438685,483763.9564243642,2992267.0557537144
2.1500000000000004,-331422.46705000487,488104.09306544304,3017895.3340852326
2.2,-334833.10450608714,491215.9343795269,3035928.893965888
2.25,-337230.73308251135,492773.6367779332,3044366.3924831282
2.3,-338823.12567275687,493113.83398769936,3045299.34980844
2.3499999999999996,-339834.10020515934,492591.8222101663,3040930.49566136
2.3999999999999995,-340778.3286229546,491972.91251934593,3035990.1269478025
2.4499999999999993,-342227.9348299777,492085.20702335844,3035589.9862562446
2.499999999999999,-344532.9772515346,493417.4093831149,3042742.581984982
2.549999999999999,-347740.2501820667,496012.12296522927,3057705.3388225706
2.5999999999999988,-351618.3642843142,499512.9629522811,3078277.8046576898
2.6499999999999986,-355786.1940426314,503358.2127900516,3100998.280170354
2.6999999999999984,-359797.4343239203,506907.80166385195,3121926.945356289
2.7499999999999982,-363274.88676111936,509635.83779723995,3137830.914840957
2.799999999999998,-365995.9481214552,511247.96640353143,3146905.2757904474
2.849999999999998,-368273.1629738554,512203.5443327568,3151986.277420356
2.8999999999999977,-370343.4537827171,512851.8639355381,3155223.385676961
2.9499999999999975,-372445.78965262463,513536.83457302244,3158731.6116540544
2.9999999999999973,-374872.6470391358,514665.5793110031,3165014.4475580426
3.049999999999997,-377819.88593629654,516500.9295810799,3175688.2810491323
3.099999999999997,-381336.9113404754,519097.62908389856,3191090.0541734225
3.149999999999997,-385269.6233533062,522231.3452720808,3209840.825879781
3.1999999999999966,-389365.68666357733,525549.0654142747,3229770.7661436317
3.2499999999999964,-393293.02482880466,528598.531092297,3248100.909014611
3.2999999999999963,-396782.282617418,531022.3282386194,3262636.847291164
3.349999999999996,-399742.6042721318,532710.5826459011,3272706.1857453897
3.399999999999996,-402253.7500089074,533784.3544856672,3279055.5310601806
3.4499999999999957,-404566.80251552444,534590.2700602344,3283816.0370403486
3.4999999999999956,-406978.35008115345,535528.4006403649,3289445.543593074
3.5499999999999954,-409719.3210302957,536903.9009113733,3297819.166911706
3.599999999999995,-412895.45114044053,538851.4390837445,3309762.169230881
3.649999999999995,-416486.97517473216,541337.7211286518,3325070.0048241033
3.699999999999995,-420291.2912329194,544092.4087794892,3342081.9096094067
3.7499999999999947,-424128.28947333,546878.0574855955,3359342.1646367307
3.7999999999999945,-427753.3198385177,549379.571561866,3374916.0109427525
3.8499999999999943,-431008.0189101866,551398.9925046238,3387587.78082575
3.899999999999994,-433847.193345525,552887.558419227,3397057.1693566926
3.949999999999994,-436327.44629895594,553927.7867257441,3403829.2480632355
3.999999999999994,-438645.7403442609,554778.351638447,3409492.4061733373
4.049999999999994,-440967.9457903553,555654.809479724,3415368.0205824515
4.099999999999993,-443439.4541051287,556742.5407814062,3422593.1297001215
4.149999999999993,-446121.02052441984,558116.970958591,3431630.277386467
4.199999999999993,-449091.72426599776,559874.032017211,3443070.627999803
4.249999999999993,-452223.6424440715,561851.6283535659,3455915.338662481
4.299999999999993,-455333.8569080499,563822.4584030311,3468763.412103325
4.3499999999999925,-458222.20528009953,565542.1416819681,3480107.483346588
4.399999999999992,-460797.2402877804,566904.7606122138,3489289.906274556
4.449999999999992,-463019.40009550855,567869.9079224699,3496057.592105588
4.499999999999992,-464944.97979606054,568515.7749647151,3500885.325421083
4.549999999999992,-466670.3480709639,568968.5696604762,3504542.3495005537
4.599999999999992,-468294.9882266293,569356.2962349998,3507808.715593893
4.6499999999999915,-469932.0546467182,569821.0261860995,3511552.6591004194
4.699999999999991,-471644.05208062765,570441.2257068908,3516251.35628854
4.749999999999991,-473438.3937418752,571227.7110201333,3521965.375410592
4.799999999999991,-475262.3558557293,572119.0505847613,3528309.3746102564
4.849999999999991,-477023.1298567441,573007.0126203955,3534608.272390334
4.899999999999991,-478619.2296846177,573774.9558074169,3540133.7735172566
4.94999999999999,-479975.8941865261,574340.1290581271,3544365.648548621
4.99999999999999,-481092.2898765962,574708.8368662291,3547334.867887322
5.04999999999999,-481984.3040211173,574907.5599580613,3549195.106350299
5.09999999999999,-482662.19971745537,574955.8739580123,3550056.154629524
5.14999999999999,-483169.36607639224,574911.5725391253,3550265.473175823
5.1999999999999895,-483567.72817408736,574852.8782660639,3550298.735189026
5.249999999999989,-483909.3915343895,574844.9037510548,3550551.9756788528
5.299999999999989,-484229.6657990024,574931.8882226157,3551292.6956268763
5.349999999999989,-484464.17740888346,575039.1269245557,3552054.369021453
5.399999999999989,-484559.4822774096,575105.0460453645,3552451.228991734
5.449999999999989,-484457.7638075871,575062.7735433846,3552065.8497379906
5.4999999999999885,-484133.041378852,574882.8914787071,3550714.001378006
5.549999999999988,-483605.37961689185,574590.0972441732,3548547.7016844973
5.599999999999988,-482922.91370572126,574241.8208073223,3545922.4028839096
5.649999999999988,-482129.03080425627,573889.2061450292,3543155.3156231428
5.699999999999988,-481242.07237540506,573552.8283740889,3540375.391936968
5.749999999999988,-480253.9291582162,573220.7743506397,3537512.0109133767
5.799999999999987,-479142.86361626326,572863.7344022928,3534388.783803968
5.849999999999987,-477890.22301222384,572454.9829673874,3530847.08891537
5.899999999999987,-476495.60440784786,571988.8376507671,3526859.5342026497
5.949999999999987,-474943.5683396034,571441.1444535524,3522285.562083154
5.999999999999987,-473236.5552958775,570808.9006974613,3517115.6329762167
6.0499999999999865,-471412.89243986964,570132.4355383448,3511607.2469725492
6.099999999999986,-469417.5896432367,569339.504453761,3505323.7612954476
6.149999999999986,-467323.9210320821,568511.6526478941,3498781.2516814377
6.199999999999986,-465143.97936999716,567658.176823673,3492044.6533081215
6.249999999999986,-462862.8029492777,566755.2418389014,3484975.325836907
6.299999999999986,-460538.11974028056,565867.6665387983,3477981.008360316
6.349999999999985,-458069.95384722366,564866.502439935,3470279.031539414
6.399999999999985,-455505.33717870933,563802.6495216389,3462193.678889961
6.449999999999985,-452853.69123715657,562681.4031049325,3453766.9263262716
6.499999999999985,-450090.8032638591,561466.6921880342,3444784.9987394004
6.549999999999985,-447107.0010061648,560015.2780979418,3434376.129027145
6.5999999999999845,-444141.8125111614,558620.5836275682,3424348.7232783968
6.649999999999984,-441003.6836361689,557037.6326333779,3413204.1447988027
6.699999999999984,-437716.78725911287,555290.5050929723,3401097.5561220245
6.749999999999984,-434295.61865765543,553391.3013962945,3388111.22091845
6.799999999999984,-430902.3414963633,551541.2795504846,3375485.0357226236
6.849999999999984,-427552.4162476981,549757.326261568,3363325.825563501
6.8999999999999835,-424228.20784593344,548014.1513006961,3351481.208486004
6.949999999999983,-420885.2646362749,546251.3902492507,3339584.275537345
6.999999999999983,-417481.8174910636,544411.0698604537,3327284.001557752
7.049999999999983,-414003.86008017824,542470.4960933994,3314446.239545498
7.099999999999983,-410457.4886204811,540432.9346095358,3301096.196242856
7.149999999999983,-406857.18181100045,538313.1798879742,3287328.185564638
7.199999999999982,-403208.262715575,536114.2781154693,3273163.812630266
7.249999999999982,-399515.7431787968,533838.8932246745,3258621.904658537
7.299999999999982,-395786.8842161786,531492.5868396899,3243739.085912106
7.349999999999982,-392027.53279716126,529078.8362459613,3228539.8548324923
7.399999999999982,-388264.8803438471,526629.8157293897,3213224.591285229
7.4499999999999815,-384556.76397801505,524219.8727966163,3198251.4203190645
7.499999999999981,-380945.63736800314,521903.89546034875,3183958.639543857
7.549999999999981,-377387.983642194,519619.58902588236,3169969.301577441
7.599999999999981,-373848.85652396,517315.17149081954,3155971.5846991707
7.649999999999981,-370306.27182945167,514955.79744005797,3141757.9135337677
7.699999999999981,-366753.36852820445,512527.0722679308,3127245.9654771667
7.7499999999999805,-363196.157414871,510032.4454351361,3112462.237186092
7.79999999999998,-359672.0873135764,507519.8327962714,3097704.2091987506
7.84999999999998,-356152.1377044054,504943.42178707785,3082698.0143665085
7.89999999999998,-352655.4854590077,502325.5030370005,3067583.961119241
7.94999999999998,-349193.07998932654,499676.9006502301,3052432.4041251815
7.99999999999998,-345788.06144204916,497026.05299612856,3037421.678019786
8.04999999999998,-342469.20870182145,494410.08676508116,3022783.507413542
8.09999999999998,-339259.44688018743,491858.54160544305,3008703.098239454
8.14999999999998,-336167.0816512941,489380.6086968061,2995240.5855627814
8.199999999999982,-333183.42485227366,486961.3124629732,2982307.300521392
8.249999999999982,-330291.8124941919,484574.2661354887,2969743.6942312685
8.299999999999983,-327474.6511244099,482191.80886021047,2957381.429403573
8.349999999999984,-324727.1552920168,479805.28653275815,2945167.687952597
8.399999999999984,-322045.98725447885,477408.54438504815,2933063.9229747355
8.449999999999985,-319476.4299470557,475067.9463398163,2921477.1710988823
8.499999999999986,-317005.8604999071,472765.0068146184,2910290.518924785
8.549999999999986,-314619.39884414483,470477.97455097124,2899365.4879253483
8.599999999999987,-312307.930539468,468193.8242279324,2888616.239330543
8.649999999999988,-310076.5665009891,465921.16658270877,2878089.603686085
8.699999999999989,-307940.0240673483,463683.65046220477,2867924.7347713783
8.74999999999999,-305913.59698447195,461506.5412920628,2858270.299188915
8.79999999999999,-304002.6009356547,459400.73133385956,2849185.416425291
8.84999999999999,-302204.50873582193,457365.7192608482,2840657.9282452515
8.899999999999991,-300512.8314974916,455395.24097432644,2832639.4457994443
8.949999999999992,-298917.54257038893,453477.7759750841,2825048.4834681116
8.999999999999993,-297420.0318907272,451619.1378865668,2817911.3050667127
9.049999999999994,-296008.56022843823,449805.3351495155,2811130.1712072347
9.099999999999994,-294674.867144211,448027.66057273495,2804639.6079252944
9.149999999999995,-293408.5559606533,446274.11680947803,2798352.963120167
9.199999999999996,-292197.4856049651,444529.949044563,2792165.7908026227
9.249999999999996,-291041.0452564319,442797.80185327894,2786082.694811048
9.299999999999997,-289947.45795970195,441093.5919909769,2780192.3442611904
9.349999999999998,-288932.89541680116,439445.1139308726,2774659.528091368
9.399999999999999,-288008.78618816053,437872.7415904525,2769603.506934336
9.45,-287177.7603227799,436383.25600452843,2765058.596561244
9.5,-286432.7880649657,434968.5820847491,2760965.5050530154
9.55,-285765.6190135039,433618.6503605282,2757252.457608559
9.600000000000001,-285167.20463097066,432322.0850545921,2753839.425770366
9.650000000000002,-284634.83219916094,431077.0409277705,2750707.1044304064
9.700000000000003,-284161.270688346,429874.7645432494,2747792.1980959745
9.750000000000004,-283740.910502843,428708.8148455217,2745046.1588220084
9.800000000000004,-283372.2792678014,427578.8522063045,2742459.646805512
9.850000000000005,-283050.1551186296,426478.71854848735,2739986.252209765
9.900000000000006,-282831.9314893262,425495.6124734338,2738183.401685878
9.950000000000006,-282686.6339025487,424584.2484558081,2736753.819541193
10.000000000000007,-282578.9058321979,423692.8397017315,2735357.109727672
10.050000000000008,-282493.02392924606,422799.0935457152,2733843.0092760106
10.100000000000009,-282431.0982066052,421907.3875194892,2732234.3953146744
10.15000000000001,-282441.58292151446,421091.191193142,2731002.869258395
10.20000000000001,-282537.0106202579,420370.19192155846,2730272.5703397924
10.25000000000001,-282711.65853553056,419737.01399777766,2729991.444691762
10.300000000000011,-282951.79867799324,419172.58563287026,2730030.622283762
10.350000000000012,-283232.94696591026,418642.0489279462,2730158.09204611
10.400000000000013,-283500.90228840726,418066.936586676,2729856.816099804
10.450000000000014,-283885.5250257664,417639.78697369294,2730382.179196787
10.500000000000014,-284356.83649156446,417317.4214324044,2731448.2719851984
10.550000000000015,-284865.7624124485,417029.0289917452,2732587.1690961933
10.600000000000016,-285388.60017917183,416741.6934008805,2733577.6020316
10.650000000000016,-285919.3426542407,416448.59967590094,2734369.7862957795
10.700000000000017,-286471.98442042794,416172.125087575,2735106.261967779
10.750000000000018,-287072.0072844354,415951.20820207155,2736038.9533399395
10.800000000000018,-287732.41264059837,415806.5376415095,2737299.807921368
10.85000000000002,-288467.65377159993,415760.78795521747,2739033.7430471135
10.90000000000002,-289247.40363053314,415771.8064139365,2740959.6716781566
10.95000000000002,-290063.44472774904,415829.6767363277,2743007.919980882
11.000000000000021,-290910.49569077394,415928.64591891726,2745136.8749152054
11.050000000000022,-291790.8023035524,416073.6185581416,2747376.009600543
11.100000000000023,-292723.7400231935,416293.61533280165,2749914.9210081566
11.150000000000023,-293708.41662384744,416588.7983227417,2752751.957182675
11.200000000000024,-294734.8756724033,416946.490169858,2755800.5084976726
11.250000000000025,-295792.23887061543,417352.7352124979,2758965.801097565
11.300000000000026,-296877.5176223614,417804.63013408124,2762226.811134375
11.350000000000026,-297988.86939584115,418300.6993321333,2765572.614790165
11.400000000000027,-299142.390293491,418864.3143745169,2769157.6174204363
11.450000000000028,-300361.93587689416,419529.25681096094,2773205.339103521
11.500000000000028,-301633.3981607908,420275.99890982365,2777586.53340688
11.55000000000003,-302957.23724360863,421105.21968077746,2782306.1125374953
11.60000000000003,-304325.8478524008,422006.2469388397,2787294.345225024
11.65000000000003,-305735.4028517519,422973.5582055047,2792516.182025041
11.700000000000031,-307185.78091281897,424006.610347877,2797970.1385175018
11.750000000000032,-308384.16770702676,424701.6132025225,2800995.737927677
11.800000000000033,-309936.0314256801,425891.34520131233,2807095.1679774374
11.850000000000033,-311607.5374823494,427252.62124675425,2814130.307286659
11.900000000000034,-313281.1828856171,428623.62617853977,2821034.300571831
11.950000000000035,-314918.4023350914,429951.02907346556,2827460.885338669
12.000000000000036,-316538.27086940047,431259.9585217817,2833583.5559280384
12.050000000000036,-318246.63224339247,432693.1042964778,2840347.812079718
12.100000000000037,-320076.539966056,434293.5924168262,2848040.1917346995
12.150000000000038,-322013.7780466954,436040.3746418344,2856523.967163318
12.200000000000038,-324013.3556503408,437871.05136158166,2865391.7584256623
12.250000000000039,-326079.83820847486,439790.4025416326,2874678.1681258194
12.30000000000004,-328135.4254221675,441691.7922311757,2883693.2209988288
12.35000000000004,-330223.48933082697,443632.2353340944,2892817.7741569653
12.400000000000041,-332364.9139249409,445638.5447251614,2902232.8082485385
12.450000000000042,-334556.25063974434,447704.9007560736,2911905.6532859365
12.500000000000043,-336859.67832459626,449912.9574983535,2922373.511186154
12.550000000000043,-339251.5457081846,452229.7330327796,2933424.0092465063
12.600000000000044,-341740.94071299135,454665.62815979077,2945128.6873894823
12.650000000000045,-344232.85603110143,457092.7588471653,2956664.5797298397
12.700000000000045,-346756.40222826943,459548.8057532744,2968283.5109355915
12.750000000000046,-349333.07405732997,462061.19932567666,2980169.7730772933
12.800000000000047,-351976.9033241203,464647.50524878217,2992442.582273438
12.850000000000048,-354694.7476429334,467315.85602159804,3005159.2530501033
12.900000000000048,-357427.51917303057,469987.8979766991,3017820.566892683
12.950000000000049,-360253.78286898887,472766.34810293786,3031092.4762419756
13.00000000000005,-363137.6528481524,475603.52062431443,3044672.400395677
13.05000000000005,-366067.2629140618,478483.26261939196,3058462.472593024
13.100000000000051,-369053.7011654216,481419.3324254064,3072557.185861323
13.150000000000052,-372107.84652380634,484425.10562489054,3087047.9825217593
13.200000000000053,-375233.96144370764,487505.3540046522,3101970.630497027
13.250000000000053,-378424.0808426504,490649.0847720881,3117260.1763238763
13.300000000000054,-381665.9282999672,493839.8474251722,3132817.59157441
13.350000000000055,-384946.7393339566,497060.8847105437,3148542.3374019116
13.400000000000055,-388261.99389081175,500306.2172114172,3164403.0710068387
13.450000000000056,-391615.6517666316,503580.80144793435,3180438.1011422635
13.500000000000057,-395020.1491961005,506900.42229354434,3196753.933205921
13.550000000000058,-398482.02086140355,510273.1832292549,3213407.9627318373
13.600000000000058,-401996.4129011424,513692.5916635854,3230365.209084142
13.650000000000059,-405558.32842306234,517152.00762264436,3247590.0299340924
13.70000000000006,-409158.9087175982,520639.92396755156,3265016.580002794
13.75000000000006,-412788.18285733496,524143.5188373476,3282571.357843481
13.800000000000061,-416441.6659152028,527657.0662008153,3300225.773084052
13.850000000000062,-420119.3631850033,531180.6456993002,3317987.6085070665
13.900000000000063,-423822.095907699,534715.4694349862,3335871.514695228
13.950000000000063,-427591.4767635422,538313.7996007961,3354211.802376892
14.000000000000064,-431372.19492604537,541906.005630408,3372580.637363673
14.050000000000065,-435148.39171056217,545472.8238112498,3390864.4491558126
14.100000000000065,-438917.74126938276,549011.4771905061,3409055.0804623603
14.150000000000066,-442670.6004945013,552510.8832465952,3427090.3280633828
14.200000000000067,-446400.25789321796,555963.745938932,3444931.9571467633
14.250000000000068,-450109.5413864327,559374.7526111586,3462616.1007630555
14.300000000000068,-453800.04784184555,562747.166215279,3480169.497913795
14.350000000000069,-457458.1450269652,566065.5941352028,3497502.700171505
14.40000000000007,-461057.64588228485,569299.5545878814,3514432.4735860545
14.45000000000007,-464615.17436464113,572471.5277688665,3531103.3118959116
14.500000000000071,-468159.9541933624,575619.4979751698,3547753.4185692426
14.550000000000072,-471659.1765920977,578704.9146378424,3564148.8421919555
14.600000000000072,-475126.64044469,581746.4882928592,3580409.1993109323
14.650000000000073,-478566.80752482405,584751.5062196413,3596582.9949496156
14.700000000000074,-481894.38725212263,587618.307611,3612047.349551061
14.750000000000075,-485104.7227815449,590344.3675078854,3626790.3558098255
14.800000000000075,-488187.7655779518,592921.1099848524,3640761.3897174206
14.850000000000076,-491166.1999936837,595379.8723989557,3654154.236308986
14.900000000000077,-494023.7408451567,597704.5864709888,3666871.0548989754
14.950000000000077,-496779.43248966784,599921.7424831452,3679075.347424146
15.000000000000078,-499443.9441223098,602047.382771748,3690865.9376276103
15.050000000000079,-502012.9291092158,604079.2982723783,3702229.099298532
15.10000000000008,-504466.1558610598,605996.2554139188,3713033.9096671366
15.15000000000008,-506773.30202755076,607765.1766592972,3723076.456806691
15.200000000000081,-508899.7792756963,609348.2231424274,3732123.4374084473
15.250000000000082,-510843.0227382293,610745.9258526559,3740177.211040175
15.300000000000082,-512593.0166403329,611950.2114627289,3747186.1406690925
15.350000000000083,-514149.5856022412,612964.7844704066,3753170.2590220603
15.400000000000084,-515522.9925268118,613805.6303056726,3758224.4891195945
15.450000000000085,-516729.36045967985,614495.3801993511,3762484.291638603
15.500000000000085,-517780.608662382,615051.3083016846,3766052.124369247
15.550000000000086,-518686.11470884114,615487.3481923729,3769009.910033384
15.600000000000087,-519427.86061173375,615784.9109070958,3771239.3986457037
15.650000000000087,-519979.46700957,615915.5366987705,3772561.5558356955
15.700000000000088,-520312.5690876196,615848.5035692427,3772783.3519509477
15.750000000000089,-520400.13575800316,615554.8138771231,3771721.9233943867
15.80000000000009,-519196.6316809167,613801.4866319129,3761814.9989331393
15.85000000000009,-518842.9397079363,613118.6259587816,3758580.8936647708
15.900000000000091,-518528.1063727316,612553.7645722044,3756150.900703086
15.950000000000092,-517812.0350460608,611591.4368727044,3751345.175465723
16.000000000000092,-516575.71015129075,610093.1472049687,3743307.081185135
16.050000000000093,-514998.7158715202,608270.9642186477,3733339.725612539
16.100000000000094,-513380.52935067593,606478.8018123381,3723616.330426569
16.150000000000095,-511709.12803933414,604704.160240633,3714053.868804846
16.200000000000095,-510030.7859380008,603004.2607026072,3704992.461072064
16.250000000000096,-508151.8935893189,601153.3794337807,3695030.178323763
16.300000000000097,-505899.2380369687,598948.2913217504,3682906.795613399
16.350000000000097,-503279.03827583615,596396.9097253776,3668663.5126452623
16.400000000000098,-500402.13613091334,593630.3704631831,3653102.9167792583
16.4500000000001,-497402.4790892302,590807.5863887862,3637198.7189900596
16.5000000000001,-494345.0177353583,588006.4900203269,3621423.5857560644
16.5500000000001,-491188.41592723347,585179.1137236181,3605471.9848453524
16.6000000000001,-487840.35285111447,582216.1067794295,3588659.4951157626
16.6500000000001,-484253.91969530634,579060.9460650863,3570628.8320903988
16.700000000000102,-480438.22535573307,575723.0096303736,3551431.5173006807
16.750000000000103,-476450.7172752747,572269.2476873982,3531475.988275237
16.800000000000104,-472353.64403479174,568772.8067951493,3511209.1168563943
16.850000000000104,-468146.95061756746,565232.3562879823,3490616.988803303
16.900000000000105,-463864.1344849686,561687.0146984848,3469934.914616936
16.950000000000106,-459459.5534571612,558079.9778394433,3448805.683455392
17.000000000000107,-454938.8901296623,554415.6738770131,3427252.0537752667
17.050000000000107,-450261.27019125124,550641.0406450949,3404943.1399503774
17.100000000000108,-445464.839693905,546798.4639785677,3382140.3828512714
17.15000000000011,-440600.03658378625,542945.692712352,3359200.652982961
17.20000000000011,-435697.53861115343,539116.6614502985,3336333.1558840214
17.25000000000011,-430748.4334716018,535296.5219565907,3313444.6120829256
17.30000000000011,-425724.997668095,531446.3936141677,3290293.2973690936
17.35000000000011,-420619.9813155244,527551.9235753693,3266790.6375867557
17.400000000000112,-415455.7478103224,523635.3564297632,3243076.2050369326
17.450000000000113,-409868.778504897,519230.2013000821,3216263.26804822
17.500000000000114,-404667.32162261184,515351.4620619799,3192644.805551864
17.550000000000114,-399556.31726418773,511625.0992001129,3169899.696574647
17.600000000000115,-394406.30024502974,507881.49986426823,3146976.9541580826
17.650000000000116,-389196.98327079107,504087.9044714317,3123677.4639903517
17.700000000000117,-383957.7171211126,500275.1541543911,3100197.82142232
17.750000000000117,-378742.0141665123,496506.43674209644,3076935.4609872485
17.800000000000118,-373593.1636932339,492833.2716714272,3054214.2303483062
17.85000000000012,-368515.29802375997,489256.83358879335,3032044.371392852
17.90000000000012,-363479.54457024083,485734.41971062025,3010163.5542340307
17.95000000000012,-358461.2030002371,482227.82181372546,2988337.877155812
18.00000000000012,-353460.1538802069,478731.03508735134,2966534.146559549
18.05000000000012,-348501.47538780083,475272.289686534,2944932.0240271934
18.100000000000122,-343617.43597324716,471890.6741926564,2923778.1970165744
18.150000000000123,-338824.93038920703,468605.5613467279,2903195.933598224
18.200000000000124,-334117.6412530334,465404.9473978471,2883113.0683624446
18.250000000000124,-329477.86719837086,462260.80336769274,2863357.8048205525
18.300000000000125,-324916.84762335167,459185.35208055173,2844007.969168379
18.350000000000126,-320403.6293105291,456131.2846735746,2824772.84033587
18.400000000000126,-315965.80747765774,453133.8686577366,2805873.956223578
18.450000000000127,-311630.39549380325,450228.7823919146,2787534.840904978
18.500000000000128,-307411.1464220989,447433.73664170655,2769866.827375016
18.55000000000013,-303302.7249759999,444739.1470579299,2752811.7316458486
18.60000000000013,-299290.4673343297,442121.5406589252,2736225.0878377543
18.65000000000013,-295366.9398864439,439567.5402778717,2720025.4294721605
18.70000000000013,-291527.41195562785,437067.4693285726,2704154.741832979
18.75000000000013,-287816.8799610764,434686.27766088245,2689017.71426662
18.800000000000132,-284223.1599271325,432404.45347306575,2674494.324195716
18.850000000000133,-280730.8131998922,430197.0047681477,2660430.81311384
18.900000000000134,-277331.83213823,428049.6612956913,2646740.299487804
18.950000000000134,-274031.7621614263,425968.7327735398,2633463.8020126163
19.000000000000135,-270844.4579674837,423973.63194175257,2620723.7159025725
19.050000000000136,-267870.07391569484,422220.2570228697,2609486.00130229
19.100000000000136,-265013.9641575191,420559.0708930183,2598830.9956086255
19.150000000000137,-262288.3190392603,419007.42861724354,2588868.082937349
19.200000000000138,-259663.06731103815,417515.09921922407,2579288.9983192855
19.25000000000014,-257179.58136828244,416145.8994118812,2570491.41883866
19.30000000000014,-254686.90126997005,414652.5094148296,2560949.3260743567
19.35000000000014,-252278.193355551,413180.61500918394,2551570.2341705593
19.40000000000014,-250028.48016458002,411849.9458269712,2543099.5292851883
19.45000000000014,-247964.54191579408,410703.35814447136,2535805.553965669
19.500000000000142,-246063.5893875369,409702.02581740305,2529451.1376284426
19.550000000000143,-244287.56151091744,408780.31267500727,2523634.295104897
19.600000000000144,-242623.42081150078,407912.79958249175,2518203.1720595793
19.650000000000144,-241090.65744305984,407128.1213302922,2513341.1839848896
19.700000000000145,-239694.24592926906,406430.70407306944,2509082.6408880795
19.750000000000146,-238450.25294570313,405844.5623076971,2505580.796655018
19.800000000000146,-237336.84987611038,405329.2418692735,2502591.4305862496
19.850000000000147,-236270.29913323798,404738.0647328949,2499213.5375872315
19.900000000000148,-235492.52042429478,404481.3134778843,2497989.715643985
19.95000000000015,-234910.00075688635,404397.0888136473,2497921.642676976
20.00000000000015,-234449.67502414624,404356.52940669353,2498216.3942698636
20.05000000000015,-234093.29680522004,404324.2198324966,2498660.119367194
20.10000000000015,-233868.98809639463,404344.9943815963,2499535.6862143874
20.15000000000015,-233817.20072958965,404485.9298890114,2501262.61765207
20.200000000000152,-233944.24407543262,404756.0228719269,2503899.2361437674
20.250000000000153,-234263.66545197184,405177.24818770005,2507583.283728487
20.300000000000153,-234721.59829561997,405655.6035357892,2511731.886075126
20.350000000000154,-235287.58273142407,406137.3678293477,2516012.263787496
20.400000000000155,-235942.47409798732,406589.1719198633,2520216.659152043
20.450000000000156,-236731.32241851365,407088.34680703125,2524824.530966988
20.500000000000156,-237667.14524714407,407657.2207388309,2529973.0062662642
20.550000000000157,-238773.2194826447,408335.6174392281,2535907.3303561998
20.600000000000158,-240073.2946956752,409164.0332305066,2542875.813256138
20.65000000000016,-241486.84954629611,410005.61419849104,2550023.2720745928
20.70000000000016,-243015.9538720054,410865.2926872249,2557375.2153676264
20.75000000000016,-244673.84630037626,411766.92769800825,2565075.4964091387
20.80000000000016,-246492.96463246562,412766.2941550452,2573467.6373541155
20.85000000000016,-248499.9489563166,413908.65048262785,2582830.168385843
20.900000000000162,-250690.08467653047,415186.5840274778,2593112.778919386
20.950000000000163,-253038.697322474,416560.193533517,2604061.3134768186
21.000000000000163,-255521.94369128373,417991.9978201993,2615435.9427191713
21.050000000000164,-258113.9908399731,419442.2103924539,2626982.144717416
21.100000000000165,-260852.89755982556,420975.1047120755,2639097.7675834233
21.150000000000166,-263677.88267562527,422494.57015273126,2651176.593177918
21.200000000000166,-266619.6207517036,424052.79760405247,2663541.2249981957
21.250000000000167,-269751.07520714385,425767.17684644694,2676924.966537661
21.300000000000168,-272646.4397580432,426969.8411327518,2687123.43560136
21.35000000000017,-276053.8390315005,428836.477361572,2701534.895290455
21.40000000000017,-279692.205330039,430922.1284108756,2717352.387478788
21.45000000000017,-283388.19109334605,432959.8607011507,2732886.610531424
21.50000000000017,-287103.56753914966,434895.673416092,2747792.93810739
21.55000000000017,-290895.5037929406,436820.71502890455,2762646.1884973953
21.600000000000172,-294842.5723969367,438855.32535348344,2778207.6283975304
21.650000000000173,-299042.47498085303,441144.4894709987,2795394.8438253994
21.700000000000173,-303364.09500919416,443493.4098792693,2812972.6177007086
21.750000000000174,-307815.98020847386,445916.7896197558,2831030.937194943
21.800000000000175,-312323.3969965535,448309.25467316835,2848896.2180227092
21.850000000000176,-316873.95565363165,450657.3409862677,2866480.3657037746
21.900000000000176,-321512.2829392894,453028.20025125146,2884210.313393446
21.950000000000177,-326313.17592920654,455528.80065867957,2902768.115635212
22.000000000000178,-331282.1095382343,458167.02350132633,2922203.503185776
22.05000000000018,-336395.6606730724,460911.56593952567,2942314.2147152643
22.10000000000018,-341598.50104299746,463689.54805686325,2962630.672358893
22.15000000000018,-346855.4372642536,466458.1520677704,2982874.8180786497
22.20000000000018,-352145.1168295417,469194.84974255675,3002898.557128343
22.25000000000018,-357505.6500453238,471956.5584861551,3023063.3894514847
22.300000000000182,-362979.90444443194,474804.72192925535,3043760.243639352
22.350000000000183,-368583.7189300084,477763.9966908204,3065143.5822282033
22.400000000000183,-374294.6630011777,480809.4598351504,3087048.351002449
22.450000000000184,-380068.2545492362,483889.34986767144,3109135.8659144538
22.500000000000185,-385863.5780131421,486958.46614084806,3131108.969478057
22.550000000000185,-391667.2173277007,490007.78530296666,3152903.2012422043
22.600000000000186,-397488.9417058154,493057.6327925024,3174643.171382999
22.650000000000187,-403346.05568314076,496137.33015594457,3196511.141950627
22.700000000000188,-409245.6846035977,499263.2612649461,3218605.3330470514
22.75000000000019,-415178.0775821005,502431.2177678739,3240890.558702828
22.80000000000019,-421125.9126860471,505628.2251292049,3263274.9042703738
22.85000000000019,-427080.0868735742,508851.52142016974,3285732.8056336297
22.90000000000019,-433054.7694763579,512125.20251705556,3308415.3696083375
22.95000000000019,-439027.7221027435,515430.84254214936,3331195.515825323
23.000000000000192,-444982.844870428,518757.6280514225,3353995.670519372
23.050000000000193,-450850.2045164251,522032.4702882051,3376336.428318736
23.100000000000193,-456686.3476791324,525329.0500606404,3398690.36651553
23.150000000000194,-462481.230789778,528642.9457850968,3421024.039250532
23.200000000000195,-468247.65271078167,531995.5085790288,3443471.0516679143
23.250000000000195,-473936.85598145856,535337.8218557598,3465710.1172821014
23.300000000000196,-479520.14453284064,538644.1498629088,3487571.3141000876
23.350000000000197,-484987.131827187,541909.2369364881,3509018.961160924
23.400000000000198,-490347.23256837775,545149.3851467975,3530158.4367443966
23.4500000000002,-495610.8842552814,548381.2276468975,3551098.0633777115
23.5000000000002,-500780.0964081993,551611.3505979882,3571881.5984584526
23.5500000000002,-505844.94215026975,554832.6398376825,3592464.7349977726
23.6000000000002,-510789.1536598103,558030.6102283288,3612756.5056140004
23.6500000000002,-515598.09044649365,561192.1678948546,3632676.310635045
23.700000000000202,-520261.69628406316,564308.8005409866,3652174.4961622898
23.750000000000203,-524771.0632210335,567372.8649938655,3671207.905419181
23.800000000000203,-529120.5957286475,570379.941800467,3689754.9648613315
23.850000000000204,-533295.9036034595,573315.9291215914,3707731.565254417
23.900000000000205,-537279.4925815525,576163.2517683643,3725031.4995026058
23.950000000000205,-541057.9911652501,578908.5920107233,3741576.6883542123
24.000000000000206,-544626.1041737582,581547.0268481316,3757343.9718339285
24.050000000000207,-547987.0588469608,584082.4275993033,3772367.461480526
24.100000000000207,-551152.2915318807,586527.1014650977,3786735.8097687643
24.150000000000208,-554127.0449403437,588886.4942940584,3800493.0807636064
24.20000000000021,-556906.5523348274,591155.2390687923,3813613.2774394564
24.25000000000021,-559481.6101706696,593323.1071536229,3826039.062770667
24.30000000000021,-561836.8160573266,595373.2643569525,3837670.362696267
24.35000000000021,-563959.1742972073,597291.3323136349,3848423.14441093
24.40000000000021,-565840.329976918,599067.740636149,3858244.462114634
24.450000000000212,-567477.3324835707,600698.5049757638,3867117.290667941
24.500000000000213,-568866.5568033701,602178.8801638545,3875019.111109489
24.550000000000214,-570009.6033590739,603509.2992523796,3881961.333669542
24.600000000000215,-570906.6392294428,604688.85707041,3887944.746733211
24.650000000000215,-571536.143234345,605693.5163778467,3892821.0699197724
24.700000000000216,-571932.204621718,606557.4424672276,3896818.1950121657
24.750000000000217,-572058.781683407,607240.8827394226,3899686.1585326567
24.800000000000217,-571919.5784141176,607745.7157433021,3901443.6231226055
24.850000000000218,-571517.1237692,608072.4481791892,3902099.887507551
24.90000000000022,-570871.4010802809,608240.0101015996,3901782.042908419
24.95000000000022,-569960.2437417005,608222.1042943762,3900327.2445040015
25.00000000000022,-568789.286619608,608022.2595487267,3897762.2104203263
25.05000000000022,-567351.1481292094,607629.5903970633,3894021.913951193
25.10000000000022,-565647.5126499537,607042.6166501081,3889101.5499278377
25.150000000000222,-563683.0364263968,606262.827241102,3883015.0475625787
25.200000000000223,-561465.646544495,605295.0657111346,3875797.342203672
25.250000000000224,-559001.5167923899,604142.1531516014,3867469.868931593
25.300000000000225,-556296.308101967,602806.201434733,3858049.0777220135
25.350000000000225,-553355.4159011556,601288.8609221664,3847548.1614655075
25.400000000000226,-550186.4945645222,599594.0694610728,3835994.71602052
25.450000000000227,-546657.1346685279,597572.5339042621,3822435.8910507723
25.500000000000227,-543063.5855872841,595542.5828875488,3808911.5463754702
25.550000000000228,-539296.7372646738,593381.4740631266,3794634.531756485
25.60000000000023,-535245.7210399761,590962.6034750752,3778794.6625390993
25.65000000000023,-530874.7885292586,588239.7250605262,3761101.505665752
25.70000000000023,-526456.8752196061,585509.2520405521,3743451.8371780645
25.75000000000023,-521915.4501986051,582682.8816298475,3725275.5651163794
25.80000000000023,-517175.5493987157,579672.5486989265,3706005.2748841695
25.850000000000232,-512212.90062309976,576445.5623241679,3685429.4587525325
25.900000000000233,-507047.5505709065,573018.5538532109,3663653.391010809
25.950000000000234,-501733.8691426904,569447.5096989097,3641033.3313647155
26.000000000000234,-496316.299190976,565778.325198604,3617859.379075943
26.050000000000235,-490808.45055649756,562022.6566517847,3594200.9654890574
26.100000000000236,-485208.2700633388,558174.3177926231,3570012.9807510283
26.150000000000237,-479503.6724654747,554215.3376612086,3545175.0070927413
26.200000000000237,-473700.44467678474,550147.9315727707,3519696.5726873525
26.250000000000238,-467820.2019211669,545992.6876769173,3493705.259070536
26.30000000000024,-461940.1342314121,541835.8170276723,3467748.458324625
26.35000000000024,-456065.75448929373,537681.1012111991,3441844.8819288807
26.40000000000024,-450017.21077510423,533313.0765700557,3414608.6368606016
26.45000000000024,-443852.7666796486,528794.7967072548,3386439.9654035293
26.50000000000024,-437650.75377671217,524214.9382850119,3357902.2294730647
26.550000000000242,-431435.88470322156,519599.92324284615,3329158.319525306
26.600000000000243,-425201.9212590198,514939.4498151465,3300135.057415849
26.650000000000244,-418940.33131876047,510220.14678032155,3270739.772857266
26.700000000000244,-412656.40948822105,505445.0744871007,3240986.0493883654
26.750000000000245,-406372.8644248911,500638.62310171727,3211025.2141871876
26.800000000000246,-400119.7592675133,495834.80535242986,3181070.761560993
26.850000000000247,-393915.51958298223,491054.0154148739,3151248.681940204
26.900000000000247,-387763.7346637157,486298.55965984025,3121568.8807375473
26.950000000000248,-381672.44350254716,481576.7080285749,3092078.934820765
27.00000000000025,-375550.1596390826,476771.35884969856,3062019.1495235316
27.05000000000025,-369446.2028150269,471941.2351427726,3031764.1033255286
27.10000000000025,-363404.4446574252,467139.6981505635,3001653.9037078847
27.15000000000025,-357462.39270627435,462413.47184264736,2971985.2683765655
27.20000000000025,-351616.50066959823,457757.3042346969,2942719.809012974
27.250000000000252,-345838.65759400546,453133.71594516875,2913611.7334549706
27.300000000000253,-340117.5156671635,448526.2706583114,2884551.381088753
27.350000000000254,-334450.8124133037,443930.20353683375,2855504.8599409936
27.400000000000254,-328909.8587435299,439438.7150467909,2827069.8615324
27.450000000000255,-323455.1752612293,434998.54943318985,2798902.1109034726
27.500000000000256,-318142.30926273775,430683.3265666854,2771475.1013965914
27.550000000000257,-312957.60322239617,426475.2040531094,2744670.511036076
27.600000000000257,-307945.6348532025,422435.7828429751,2718881.618232902
27.650000000000258,-303012.52085622796,418436.5505747635,2693281.857306805
27.70000000000026,-298177.1141607177,414502.64669185085,2668031.817476993
27.75000000000026,-293449.0311062933,410646.8248292418,2643213.2243888867
27.80000000000026,-288849.9516089101,406899.1920901593,2619019.8492898294
27.85000000000026,-284390.3696752692,403274.87654524803,2595549.0526836785
27.90000000000026,-280082.92210694053,399792.67208094156,2572921.1799466806
27.950000000000262,-275914.33685326163,396434.87812412804,2551021.0379406167
28.000000000000263,-271875.86763546197,393189.76054234547,2529772.5203480343
28.050000000000264,-267966.1118209646,390055.9499856604,2509166.668040029
28.100000000000264,-264193.1191535384,387045.8878083934,2489283.7360788053
28.150000000000265,-260564.2378445483,384171.3264362119,2470199.5271574706
28.200000000000266,-257083.4211947588,381439.31561151193,2451959.366447627
28.250000000000266,-253746.8948055571,378845.5484016227,2434535.375685476
28.300000000000267,-250551.66125131777,376386.72568937833,2417906.2493555057
28.350000000000268,-247496.84690179263,374062.58572118776,2402070.4455254423
28.40000000000027,-244576.8556114687,371865.5794897755,2386979.8941957895
28.45000000000027,-241805.86670031233,369818.2880843519,2372779.6076983465
28.50000000000027,-239200.4882357447,367947.2076613311,2359640.5846803766
28.55000000000027,-236766.8171755259,366263.163893992,2347632.581724572
28.60000000000027,-234500.14293365163,364760.3697374284,2336718.401570753
28.650000000000272,-232385.73743539985,363417.16509413533,2326759.1811969187
28.700000000000273,-230437.39412046137,362255.93548122054,2317899.5495762494
28.750000000000274,-228655.84771585843,361278.54275264574,2310152.483138237
28.800000000000274,-227021.6640670339,360455.1705375409,2303327.0832583075
28.850000000000275,-225506.67217024762,359741.42692142614,2297140.01715906
28.900000000000276,-224110.42943276148,359136.317655581,2291586.5506838495
28.950000000000276,-222851.3722895038,358669.0550614286,2286855.038933096
29.000000000000277,-221769.32590943645,358403.34119537077,2283354.219046997
29.050000000000278,-220885.22387542546,358373.73958623875,2281303.320118418
29.10000000000028,-220127.09468234115,358463.78632056795,2279959.989367059
29.15000000000028,-219496.4094331832,358674.9627045196,2279334.858020423
29.20000000000028,-219001.90542690322,359020.4166290142,2279513.3509095493
29.25000000000028,-218663.95371283952,359532.3900885736,2280702.1031581974
29.30000000000028,-218508.86444302855,360253.2138678086,2283170.5817704448
29.350000000000282,-218541.21758124462,361189.6275575659,2286961.268243542
29.400000000000283,-218746.35262001737,362316.4316075046,2291913.950658708
29.450000000000284,-219096.3805777934,363586.1057391383,2297727.9512284896
29.500000000000284,-219569.40590536536,364960.64058376855,2304164.1544475243
29.550000000000285,-220157.22075534036,366424.5256691697,2311126.7006005747
29.600000000000286,-220878.52242502192,368006.83979068557,2318801.63142178
29.650000000000286,-221730.5762006064,369701.1567443736,2327150.008833214
29.700000000000287,-222766.64637319892,371594.32503152924,2336719.492033331
29.750000000000288,-223920.55928898155,373573.42088153394,2346801.935482939
29.80000000000029,-225226.5192510826,375692.76158406754,2357740.9975091615
29.85000000000029,-226697.58381832513,377970.991191564,2369655.483238351
29.90000000000029,-228394.66070495296,380506.00900201284,2383160.750294337
29.95000000000029,-230252.07873800187,383184.15639705415,2397547.0781099177
30.00000000000029,-232288.65437839698,386032.7276834388,2412988.311315411
30.050000000000292,-234490.39610179537,389024.61744613963,2429317.1712325728
30.100000000000293,-236834.1014810709,392117.83737459406,2446274.003469836
30.150000000000293,-239299.23894843005,395275.28959183244,2463630.964975114
30.200000000000294,-241939.58808422243,398582.7083534871,2481926.453312343
30.250000000000295,-244670.16274017416,401896.58799613407,2500271.825518479
30.300000000000296,-247544.83935908292,405302.3846141542,2519205.1364111826
30.350000000000296,-250584.11460793123,408829.69843764324,2538915.534092853
30.400000000000297,-253818.68564298688,412523.65527035063,2559688.957446538
30.450000000000298,-257245.17089583393,416373.097669357,2581461.104524885
30.5000000000003,-260849.32436755294,420349.0377151198,2604058.2130169705
30.5500000000003,-264616.66264159203,424422.2812260384,2627306.763598465
30.6000000000003,-268534.6685758159,428567.2142396335,2651056.7217131713
30.6500000000003,-272621.8506868558,432807.98784443387,2675467.1894682758
30.7000000000003,-276874.4413195164,437133.4264429815,2700477.513374244
30.750000000000302,-281283.8526184058,441524.6753056844,2725982.2776609682
30.800000000000303,-285855.3701052337,445985.07219353045,2752012.244457807
30.850000000000303,-290558.3148934539,450462.66961428977,2778255.860668553
30.900000000000304,-295388.8668235649,454947.8325008586,2804664.8732564505
30.950000000000305,-300362.5126706878,459460.3652020432,2831373.9779466214
31.000000000000306,-305509.67682847346,464042.47625974653,2858653.984110986
31.050000000000306,-310856.9207117774,468728.9213466483,2886731.141265973
31.100000000000307,-316410.35014463443,473522.95179581107,2915636.606240221
31.150000000000308,-322146.8962432198,478384.6155390675,2945134.65196438
31.20000000000031,-328030.3550474995,483256.1018402015,2974879.516679988
31.25000000000031,-334030.9120123669,488091.0783267915,3004596.5205622115
31.30000000000031,-340146.17921459506,492884.9000409362,3034267.828333091
31.35000000000031,-346393.73229835334,497662.29241101607,3064056.128584819
31.40000000000031,-352806.4798119451,502469.5657180387,3094256.2201441634
31.450000000000312,-359396.9282704561,507323.23467794084,3124977.978231273
31.500000000000313,-366199.70297514624,512270.82223592635,3156520.6278563295
31.550000000000313,-373087.682680121,517134.4704100904,3187793.5027638157
31.600000000000314,-380069.26855504955,521929.1445632724,3218894.198827481
31.650000000000315,-387145.00201423303,526659.2275013493,3249854.0009106155
31.700000000000315,-394323.10391921585,531340.0178752826,3280770.204194789
31.750000000000316,-401668.214852609,536061.3237473865,3312202.2359332386
31.800000000000317,-409121.18639358866,540748.0364821475,3343684.2247901815
31.850000000000318,-416597.61516945926,545294.8770303465,3374563.534351308
31.90000000000032,-424120.82145251747,549740.3659661817,3405077.8894805736
31.95000000000032,-431662.00017634395,554055.443743426,3435044.8533045016
32.00000000000032,-439208.70180374256,558233.7052803516,3464420.5894102743
32.05000000000032,-446748.94005655864,562270.1415135122,3493168.5465933857
32.100000000000314,-454310.0144912416,566209.6342307182,3521560.325462847
32.15000000000031,-461910.1473836927,570084.1685100683,3549788.130411973
32.20000000000031,-469479.43747177196,573817.011274773,3577366.114845824
32.250000000000306,-477010.6504888677,577409.9437045817,3604298.804686391
32.3000000000003,-484492.30516452726,580859.9794373058,3630560.1976080826
32.3500000000003,-491916.81925121567,584169.5163040463,3656155.9220057726
32.4000000000003,-499248.02838770207,587307.6156079782,3680881.454922073
32.450000000000294,-506471.09289240564,590269.2989272098,3704694.394955394
32.50000000000029,-513551.17675495986,593026.8195538374,3727408.5580683923
32.55000000000029,-520480.47886602045,595584.1577919495,3749037.2600551737
32.600000000000286,-527267.2547497735,597963.1320932728,3769706.765331018
32.65000000000028,-533917.3045423864,600181.9901142734,3789521.026773189
32.70000000000028,-540420.2589163748,602240.3145801827,3808465.8279991625
32.75000000000028,-546748.149259035,604118.2564396574,3826403.0823447118
32.800000000000274,-552856.0020378177,605778.1004961163,3843079.654888842
32.85000000000027,-560561.8254931803,609207.7037237736,3871113.11461762
32.90000000000027,-566486.505553265,610735.7025133653,3887149.179969453
32.950000000000266,-571681.8783106899,611534.4100214023,3898631.4722205917
33.00000000000026,-576874.8844582502,612396.1253070977,3910610.7561982805
33.05000000000026,-582278.5958646613,613551.6024421074,3924555.3694575536
33.10000000000026,-587710.2402311843,614813.4215426816,3939248.9044020255
33.150000000000254,-592793.8181759962,615799.5878955731,3952215.541145039
33.20000000000025,-597269.14328345,616256.9311142392,3961800.15516002
33.25000000000025,-601164.3889730487,616232.5634942087,3968282.258415286
33.300000000000246,-604714.2363344089,615982.0651014401,3973290.827297783
33.35000000000024,-608148.3354201461,615750.2912041243,3978390.6273646653
33.40000000000024,-611542.2532980331,615622.8044401332,3984115.871825343
33.45000000000024,-614752.978144367,615466.0315723884,3989575.3534221295
33.500000000000234,-617566.2660843448,615078.7840309482,3993432.7096221107
33.55000000000023,-619862.4833119686,614357.1842726027,3994980.930791168
33.60000000000023,-621684.6946845669,613358.8776362151,3994566.3448404577
33.650000000000226,-623181.7725100052,612243.908518678,3993206.7950522793
33.70000000000022,-624472.5088706814,611140.6118614031,3991714.9601520975
33.75000000000022,-625564.333097586,610067.3891444346,3990183.894187468
33.80000000000022,-626358.007120567,608938.9133920077,3988025.2452222575
33.850000000000215,-626722.6012344708,607639.6081429538,3984450.9200747157
33.90000000000021,-626589.7367592679,606114.2852846958,3979070.2958140164
33.95000000000021,-625988.0383189643,604400.1525218948,3972103.514368768
34.000000000000206,-625000.1900700382,602584.6294880691,3964105.016395031
34.0500000000002,-623701.5969010056,600746.2240689957,3955573.7632027944
34.1000000000002,-622122.7802500234,598918.6009274188,3946715.5484312936
34.1500000000002,-620234.9113815951,597076.5969836914,3937351.2568635545
34.200000000000195,-618003.8574417152,595188.0879188019,3927259.4164378936
34.25000000000019,-615424.761798091,593246.8797301258,3916395.240115569
34.30000000000019,-612516.4826547941,591267.6276502481,3904856.416104379
34.350000000000186,-609309.9746484975,589274.9773957784,3892810.609167057
34.40000000000018,-605824.1164663932,587280.5877287731,3880342.3114375346
34.45000000000018,-602001.9147729579,585221.18102672,3867042.8500841036
34.50000000000018,-597951.7660697637,583192.1333980791,3853557.6707922593
34.550000000000175,-593599.4410594096,581110.6574034491,3839352.957262219
34.60000000000017,-588906.6459587138,578926.5316199042,3824114.6260089376
34.65000000000017,-583877.6212928754,576629.2297797168,3807795.339839303
34.700000000000166,-578559.8506003901,574249.862597558,3790625.428793645
34.75000000000016,-573014.7222820072,571833.541296399,3772927.647368008
34.80000000000016,-567260.30911622,569382.8803608814,3754742.7034224817
34.85000000000016,-561258.5513679457,566844.0285331402,3735738.1308586737
34.900000000000155,-554998.9628048039,564190.0942865169,3715759.091962027
34.95000000000015,-548489.5733008282,561412.1540435485,3694771.661754727
35.00000000000015,-541767.0660919414,558530.8898045927,3672936.4646986723
35.050000000000146,-534871.9539250605,555571.9942926979,3650445.4991350956
35.10000000000014,-527830.6673158917,552547.7974624269,3627400.579981213
35.15000000000014,-520647.242617944,549448.0321500687,3603753.099508417
35.20000000000014,-513323.0824882046,546259.8050322023,3579436.58260511
35.250000000000135,-505846.79459573026,542956.6274488929,3554294.7013471224
35.30000000000013,-498246.18132762524,539554.0623442589,3528445.8947964967
35.35000000000013,-490508.88830356946,536024.9339175846,3501727.84447908
35.40000000000013,-482664.3081994538,532387.7261256415,3474275.699190732
35.450000000000124,-474722.6401548346,528640.8141355669,3446091.718329314
35.50000000000012,-466703.51544424036,524793.6769709646,3417249.194575208
35.55000000000012,-458678.0779635998,520915.1090034486,3388206.1094981385
35.600000000000115,-450582.4295150758,516922.1275800307,3358431.793139246
35.65000000000011,-442442.191758111,512832.218608973,3328050.0959147555
35.70000000000011,-434296.6063046593,508680.0513492125,3297295.353256936
35.75000000000011,-426335.0598140398,504679.88873566245,3267562.859418951
35.800000000000104,-418246.0214305792,500456.5083535706,3236426.446076611
35.8500000000001,-410143.21295827883,496132.25910683844,3204690.4271932733
35.9000000000001,-402130.73767861695,491823.642250652,3173116.0033559203
35.950000000000095,-394142.0180992455,487441.8791239492,3141135.9361094893
36.00000000000009,-386226.3331259435,483038.6227540263,3109092.1235240055
36.05000000000009,-378381.0699714637,478603.07578478614,3076920.5973012946
36.10000000000009,-370627.8002505192,474154.88447916514,3044754.864240871
36.150000000000084,-362964.9409356592,469684.71829296637,3012541.604904693
36.20000000000008,-355404.767454282,465201.00248074887,2980342.326788302
36.25000000000008,-347971.9825155195,460729.2053028204,2948327.713314691
36.300000000000075,-340908.93235534086,456587.8746589963,2918540.7454408044
36.35000000000007,-333747.75620031555,452149.3765073299,2886969.817912278
36.40000000000007,-326640.4973332169,447605.31387910596,2854854.609036411
36.45000000000007,-319678.7444773908,443073.5593435114,2822956.527437512
36.500000000000064,-312888.80213013344,438586.9498105159,2791489.3480798732
36.55000000000006,-306262.0895829754,434130.9416452889,2760363.1109949183
36.60000000000006,-299783.3803271984,429681.042390052,2729424.930832871
36.650000000000055,-293451.4270655785,425232.00195583224,2698645.421671921
36.70000000000005,-287290.25265771797,420815.5988819057,2668230.501066919
36.75000000000005,-281336.6888767388,416484.4713824893,2638516.7835428426
36.80000000000005,-275604.9697177257,412260.47837964736,2609643.1306539136
36.850000000000044,-270101.7198703646,408155.4583141202,2581683.4741997644
36.90000000000004,-264814.1438597506,404152.75913414976,2554530.0998389586
36.95000000000004,-259724.5489009673,400227.71803459525,2528025.1835835855
37.000000000000036,-254805.60353090818,396340.710527314,2501915.207058149
37.05000000000003,-250070.51164484996,392514.58061318786,2476342.33059497
37.10000000000003,-245544.51836883172,388792.71552152676,2451576.335231343
37.15000000000003,-241225.44606204238,385176.72731360537,2427621.673344429
37.200000000000024,-237106.95741766668,381661.7574533258,2404441.598070871
37.25000000000002,-233214.708626764,378294.65582095744,2382325.2116060657
37.30000000000002,-229538.9034366011,375066.0973792967,2361206.161839367
37.350000000000016,-226076.1987060975,371976.7185069639,2341081.718580984
37.40000000000001,-222804.7211550338,368997.1292302421,2321758.1191137717
37.45000000000001,-219716.1291706781,366119.67130681267,2303178.888842997
37.50000000000001,-216821.83294327525,363369.5422190744,2285494.6751506836
37.550000000000004,-214142.54375077944,360788.0412286961,2268957.599559173
37.6,-211696.42792361008,358412.82527245465,2253796.7795994123
37.65,-209485.20779174077,356254.03134014376,2240068.105431398
37.699999999999996,-207495.46415584147,354295.7664849919,2227663.8706926964
37.74999999999999,-205754.17064085268,352590.7058663529,2216907.924186729
37.79999999999999,-204172.75819832273,350992.84609393764,2206876.7565715527
37.84999999999999,-202757.27505831228,349517.3216257144,2197659.6621538503
37.899999999999984,-201517.09048533096,348184.9136720733,2189381.693653794
37.94999999999998,-200509.32021041517,347098.8064164378,2182686.6607369334
37.99999999999998,-199666.3320999281,346145.85562681535,2176859.2251044884
38.049999999999976,-199007.38053737456,345362.6779364735,2172125.792822251
38.09999999999997,-198530.85319941855,344749.45194997103,2168483.5926126996
38.14999999999997,-198256.82734607148,344343.60150765063,2166164.5153297307
38.19999999999997,-198208.18263160627,344186.89820858743,2165428.3128364705
38.249999999999964,-198407.4906064423,344319.47601912,2166526.949333318
38.29999999999996,-198818.04847171894,344678.6264868739,2169062.8379564118
38.34999999999996,-199392.48081121454,345182.9394268823,2172521.316215621
38.399999999999956,-200104.66944252272,345787.89165782556,2176620.918231642
38.44999999999995,-201008.28350951086,346586.7141662262,2181948.1221757885
38.49999999999995,-202037.04628927703,347465.2074004628,2187783.98757729
38.54999999999995,-203265.91020706075,348552.40926896944,2194940.601704641
38.599999999999945,-204697.83448590775,349851.7901819069,2203440.9282363555
38.64999999999994,-206329.4026715902,351356.152149474,2213237.750466984
38.69999999999994,-208143.4359887047,353034.4195499603,2224133.968490868
38.749999999999936,-210141.48677272344,354887.0107382451,2236132.212621356
38.79999999999993,-212328.57939467896,356919.81145160465,2249270.348979775
38.84999999999993,-214775.86418478377,359248.72577120585,2264281.951424566
38.89999999999993,-217480.15823494515,361863.99409099115,2281105.927325218
38.949999999999925,-220402.32566294415,364696.5884371467,2299306.468526725
38.99999999999992,-223490.3278423861,367657.7208783411,2318323.109528108
39.04999999999992,-226718.8949457313,370704.3411955661,2337884.5489828438
39.099999999999916,-230091.64204759468,373841.14274041087,2358021.9778603707
39.14999999999991,-233641.50308649236,377120.0396011646,2379064.489721279
39.19999999999991,-237395.40363505,380581.81589429465,2401270.776855021
39.24999999999991,-241381.05697412716,384266.86236128066,2424897.42680075
39.299999999999905,-245577.69277713774,388138.0393944171,2449709.9152867454
39.3499999999999,-249956.07349049102,392145.69179785746,2475395.0536730476
39.3999999999999,-254500.76538717246,396262.91198847216,2501784.079704062
39.449999999999896,-259221.7789039925,400502.9016565725,2528962.188827916
39.49999999999989,-264109.4474233479,404848.58467309305,2556822.8395238603
39.54999999999989,-269180.2119371904,409323.32171308575,2585515.32416595
39.59999999999989,-274432.6418960088,413923.16104018217,2615015.5759085035
39.649999999999885,-279850.1848129594,418621.9095223848,2645158.5291864197
39.69999999999988,-285475.62370808027,423482.3197300238,2676341.413642573
39.74999999999988,-291199.2961028323,428340.75875250937,2707531.2673313785
39.799999999999876,-297059.46692882874,433254.54246615036,2739093.0349958343
39.84999999999987,-303079.1975234048,438257.1229956374,2771240.6908770557
39.89999999999987,-309263.24594753725,443354.6485404589,2804015.1423965213
39.94999999999987,-315596.3323585633,448524.7405337484,2837276.2062774654
39.999999999999865,-322059.1000798414,453740.1624543773,2870852.8371626697
40.04999999999986,-328620.646663509,458958.74177103786,2904479.347226744
40.09999999999986,-335329.3617268154,464249.60698704026,2938595.298018131
40.14999999999986,-342097.7025099828,469493.2167282851,2972446.2134657535
40.199999999999854,-348962.1927037738,474743.0512794378,3006373.6605583993
40.24999999999985,-355947.5395722826,480035.09552735667,3040608.073913324
40.29999999999985,-363118.6580787995,485457.0504426562,3075710.7165659536
40.349999999999845,-370357.8112030054,490852.399280226,3110691.993995335
40.39999999999984,-377615.892884846,496160.8286924291,3145169.827132886
40.44999999999984,-384863.6370116414,501349.64075159264,3178939.1884324146
40.49999999999984,-392120.624675451,506450.00353309873,3212202.2108355304
40.549999999999834,-399461.9852680045,511562.65252845554,3245604.8804365266
40.59999999999983,-406912.77904774266,516722.04364705726,3279369.6277800347
40.64999999999983,-414434.36685495265,521881.8501654969,3313203.640945311
40.699999999999825,-421947.54727481893,526946.756475057,3346502.817699694
40.74999999999982,-429399.67036030896,531857.4519412684,3378892.5016040704
40.79999999999982,-436795.25640134077,536626.8214984495,3410457.539839696
40.84999999999982,-444160.4067939499,541293.6155303956,3441448.3756142207
40.899999999999814,-451537.41415425844,545915.0300668341,3472232.926879652
40.94999999999981,-458931.8612801277,550502.7906551562,3502888.3846063726
40.99999999999981,-466315.8702020251,555028.5761571899,3533236.31206403
41.049999999999805,-473624.4149836573,559421.0141256028,3562824.091158839
41.0999999999998,-480867.5724006769,563698.699656226,3591772.9880236485
41.1499999999998,-487947.539017558,567753.7948605757,3619399.6582065076
41.1999999999998,-494913.7272243326,571651.8434371409,3646125.0172346807
41.249999999999794,-501799.1162778057,575437.8508231164,3672238.00335896
41.29999999999979,-508585.49335359735,579097.5863068469,3697648.0422075614
41.34999999999979,-515314.1326059214,582684.4341769113,3722696.258184226
41.399999999999785,-521748.1771129296,585938.7366197726,3745718.8790974696
41.44999999999978,-527970.6389130361,588963.5615443672,3767376.8772831056
41.49999999999978,-534082.2449101888,591878.7150514782,3788439.426054834
41.54999999999978,-540124.1003532206,594735.5361544118,3809236.120263906
41.599999999999774,-546189.7088535684,597640.8301407929,3830453.5007313555
41.64999999999977,-552200.5128787799,600512.9561022591,3851564.8740216
41.69999999999977,-558120.0502656559,603317.4639714488,3872347.294672961
41.749999999999766,-563599.4864470062,605684.6365354728,3890427.1874258546
41.79999999999976,-568490.9854377758,607466.203413354,3904857.8264194475
41.84999999999976,-573222.0402775428,609127.7801519418,3918639.8055549203
41.89999999999976,-577973.6459050211,610865.754493338,3933037.852117545
41.949999999999754,-582614.8941995364,612546.0411037218,3947180.182406847
41.99999999999975,-586926.2005956324,613944.6379252023,3959611.9942055363
42.04999999999975,-590784.7707470516,614941.6355673664,3969551.894999383
42.099999999999746,-594243.1433691835,615599.6807556965,3977402.041981514
42.14999999999974,-597461.9373027303,616090.9417619475,3984276.2454136773
42.19999999999974,-600581.0779609617,616563.5244331643,3991132.474838455
42.24999999999974,-603600.0255506038,617020.0805544273,3997983.8465019367
42.299999999999734,-606407.557328689,617351.1275166546,4004112.2388448473
42.34999999999973,-608856.3525608295,617412.1739270461,4008569.99358718
42.39999999999973,-611065.2655573839,617328.9563987526,4012166.110836146
42.449999999999726,-612716.4747719669,616785.9560235584,4012840.6475723237
42.49999999999972,-614008.906679967,615988.6444863016,4011927.51370093
42.54999999999972,-615096.9366996195,615095.4588506012,4010454.592309266
42.59999999999972,-616021.2480978096,614150.0592572469,4008699.021952835
42.649999999999714,-616692.6727889593,613066.83051741,4006090.683402062
42.69999999999971,-616989.8691251558,611728.9189003364,4001853.0603652745
42.74999999999971,-616898.3883349469,610125.4468893321,3995904.2932930505
42.799999999999706,-616329.8324297637,608172.0441967206,3987681.689058112
42.8499999999997,-615613.5402571695,606194.7273439895,3979321.2652153173
42.8999999999997,-614696.0435479218,604142.4223913369,3970476.7800125144
42.9499999999997,-613497.3892396078,601938.4591571102,3960631.079929173
42.999999999999694,-611955.7145910532,599523.9899471074,3949383.7330901073
43.04999999999969,-610067.3521139569,596896.8485677827,3936708.9320110446
43.09999999999969,-607874.0795929322,594098.8490441714,3922872.5518468483
43.149999999999686,-605458.8361907944,591211.6879964562,3908404.6316670333
43.19999999999968,-602853.2284207401,588266.93693716,3893503.081426925
43.24999999999968,-600029.4530419532,585238.3344686907,3877981.2857852164
43.29999999999968,-596935.0617479521,582075.5498192111,3861491.5975989136
43.349999999999675,-593539.4355764652,578749.0999579185,3843824.696346353
43.39999999999967,-589847.3282686771,575263.5716776665,3824998.067561646
43.44999999999967,-585890.1854334034,571649.2680632123,3805200.81662033
43.499999999999666,-581711.3927630302,567948.0602141934,3784699.3030077224
43.54999999999966,-577333.7872932362,564181.8593326145,3763626.5515677617
43.59999999999966,-572752.0282698146,560345.0697093351,3741931.5400423976
43.64999999999966,-567958.6451961867,556429.8217579345,3719548.036573367
43.699999999999655,-562959.601248229,552441.1151372828,3696496.5360739524
43.74999999999965,-557774.6622919043,548397.2739463384,3672887.768025822
43.79999999999965,-552475.6239716947,544367.8539883116,3649176.5880196923
43.849999999999646,-547011.0196973701,540301.1330426595,3625005.97821244
43.89999999999964,-541415.2501944114,536229.8466889763,3600584.536036232
43.94999999999964,-535683.4395209402,532147.8909046649,3575860.514854207
43.99999999999964,-529804.8301589682,528042.974637572,3550740.93897819
44.049999999999635,-523781.66139707546,523915.2336807462,3525217.475701294
44.09999999999963,-517620.9517267606,519769.19362001546,3499312.3637795174
44.14999999999963,-511581.77848291333,515863.153075645,3474758.475305981
44.199999999999626,-505309.9157716665,511837.92415637063,3449132.920986357
44.24999999999962,-498832.1018333092,507715.9104606557,3422579.388927074
44.29999999999962,-492230.7180878524,503575.7167620211,3395625.6136467084
44.34999999999962,-485593.0205357459,499501.8148163316,3368841.2263814895
44.399999999999615,-478965.0354403687,495537.586206364,3342518.737396879
44.44999999999961,-472343.0156794111,491675.35473947844,3316606.1868569166
44.49999999999961,-465694.31360791967,487876.5724058474,3290844.3982832856
44.549999999999606,-458997.28336701996,484112.7116828696,3265044.1026876727
44.5999999999996,-452287.5745022285,480414.55524382286,3239419.5319573274
44.6499999999996,-445606.2920624024,476818.6626866506,3214227.240655816
44.6999999999996,-438930.48562081996,473294.0815294862,3189265.9974604244
44.749999999999595,-432293.51668781193,469869.6737876695,3164739.578054853
44.79999999999959,-425581.5850495115,466414.24425541883,3139771.89919542
44.84999999999959,-418791.1367166377,462913.30374896794,3114278.5233274577
44.89999999999959,-411977.2239200057,459416.67652363994,3088610.1486291303
44.949999999999584,-405189.7406635006,455970.1256324833,3063089.1503639277
44.99999999999958,-398463.53093052586,452604.07493764034,3037933.4689929383
45.04999999999958,-391796.7891065711,449308.29159747023,3013086.8977275463
45.099999999999575,-385244.78142739297,446138.0766729927,2988933.783930876
45.14999999999957,-378729.71326526784,442995.86932609265,2964832.4965870725
45.19999999999957,-372217.8326660244,439832.47151069844,2940467.8114992213
45.24999999999957,-365762.478168393,436700.79426481493,2916210.163258798
45.299999999999564,-359423.64032055845,433664.564243392,2892499.4104900695
45.34999999999956,-353192.59735907754,430707.4095059214,2869236.866877856
45.39999999999956,-347050.2817843269,427800.2540066679,2846237.872097619
45.449999999999555,-340959.49648968334,424890.50226497056,2823162.4501974974
45.49999999999955,-334914.8278672927,421963.49486477824,2799925.0120490724
45.54999999999955,-328945.1644709069,419047.84996184387,2776727.901827687
45.59999999999955,-323084.46890145005,416180.39927950647,2753826.3536765464
45.649999999999544,-317403.6039987503,413447.94054446806,2731804.5240337225
45.69999999999954,-311878.6343177837,410817.3303974967,2710447.8913511797
45.74999999999954,-306470.1168739129,408233.6878213655,2689399.3363186023
45.799999999999535,-301519.78628465126,406153.5265800873,2671667.932116832
45.84999999999953,-296254.7611152657,403537.0320759197,2650412.151030602
45.89999999999953,-291005.6681471817,400815.42315530917,2628492.9566273256
45.94999999999953,-285955.0506222582,398234.8360032605,2607535.8676003776
45.999999999999524,-281139.4766229238,395848.14168079675,2587887.0680468986
46.04999999999952,-276500.84926854516,393576.2050149721,2569026.2280295147
46.09999999999952,-271958.529631661,391303.7559807716,2550201.511154558
46.149999999999515,-267480.0908927204,388980.16707158997,2531089.2922628047
46.19999999999951,-263099.62794258643,386650.06549516175,2511989.5370526593
46.24999999999951,-258901.3583450646,384434.4149172923,2493696.2162700417
46.29999999999951,-254935.24470745883,382407.68628939247,2476697.765900429
46.349999999999504,-251168.7764856149,380523.1686268806,2460691.166144695
46.3999999999995,-247530.48260307874,378672.56526630546,2444977.531532705
46.4499999999995,-243972.94253274897,376780.14875559625,2429074.5512149916
46.499999999999496,-240503.9505089285,374853.1609613409,2413039.3749002297
46.54999999999949,-237174.47996817064,372966.9730188906,2397368.179838592
46.59999999999949,-234036.97004840235,371202.0245589484,2382586.609070441
46.64999999999949,-231154.28352992074,369658.01043618476,2369340.164632008
46.699999999999484,-228489.6340601268,368276.3324151269,2357259.0180766163
46.74999999999948,-225994.93431829233,366978.44805420534,2345845.541185841
46.79999999999948,-223633.73664613423,365701.86594565737,2334709.3893517554
46.849999999999476,-221405.56644213112,364441.1119598838,2323827.8904558155
46.89999999999947,-219351.97346951056,363259.98864615045,2313621.0274478933
46.94999999999947,-217521.97437335085,362236.3490377747,2304595.8724736925
46.99999999999947,-215941.61758511205,361411.43239147234,2297023.1994087296
47.049999999999464,-214594.0698567594,360755.0455085891,2290718.337345528
47.09999999999946,-213451.15151211893,360217.3327839231,2285371.8223674335
47.14999999999946,-212491.8707542499,359759.81276634405,2280747.6101243496
47.199999999999456,-211724.12690274854,359392.6952564371,2276919.063449835
47.24999999999945,-211178.94355053967,359165.94125337875,2274210.471851751
47.29999999999945,-210888.8461428801,359132.8348003584,2272964.9009128516
47.34999999999945,-210867.9406100383,359315.85872983397,2273327.9173238073
47.399999999999444,-211107.57828545826,359698.9904539685,2275199.5100682555
47.44999999999944,-211588.14050920296,360247.7122912141,2278361.49545534
47.49999999999944,-212291.50757983298,360930.4031349387,2282613.2053936585
47.549999999999436,-213235.97462137064,361777.4567035745,2288146.0982743436
47.59999999999943,-214422.47019138816,362790.5315028178,2294967.143043749
47.64999999999943,-215852.33499154585,363972.3513397203,2303088.6796748866
47.69999999999943,-217530.47561914602,365331.92848760483,2312561.5514525594
47.749999999999424,-219455.14366272237,366867.26184930466,2323365.7484593564
47.79999999999942,-221618.8501791457,368567.00735292165,2335421.129107846
47.84999999999942,-224093.1442227453,370550.86500121537,2349477.629852063
47.899999999999416,-226746.31704229524,372601.6750436794,2364149.1374003873
47.94999999999941,-229616.50750530654,374784.8108588337,2379840.564718274
47.99999999999941,-232715.0161332684,377120.66371245775,2396671.209229833
48.04999999999941,-236040.72701393822,379609.1291495642,2414629.894593507
48.099999999999405,-239586.0594303693,382239.7119444855,2433639.258068895
48.1499999999994,-243394.95769848244,385083.6056023372,2454142.661157567
48.1999999999994,-247382.74219986633,388007.5830232172,2475281.704998434
48.249999999999396,-251562.1966713498,391034.2322236079,2497190.912699041
48.29999999999939,-255935.89744733644,394169.57113308326,2519899.729067124
48.34999999999939,-260494.47441201247,397401.14649093663,2543319.6271799575
48.39999999999939,-265227.75434042944,400715.6648152075,2567356.813999004
48.449999999999385,-270129.25221377716,404105.70076577424,2591955.4940559687
48.49999999999938,-275200.70525557443,407576.08877721376,2617139.2541336645
48.54999999999938,-280449.2977181792,411139.24159234756,2642981.360378207
48.599999999999376,-285890.3803945907,414818.6866153883,2669627.69942434
48.64999999999937,-291548.2725588474,418648.88627193787,2697298.589918538
48.69999999999937,-297387.3831459734,422578.83652027755,2725659.7764660567
48.74999999999937,-303353.3326207377,426533.2347410017,2754219.3163734926
48.799999999999365,-309423.39457692334,430483.9965311031,2782789.7952719205
48.84999999999936,-315607.00214668125,434448.50319723826,2811478.6617903323
48.89999999999936,-321955.09940997657,438499.7712892616,2840755.999251155
48.949999999999356,-328469.8965985636,442642.9512503341,2870650.495053974
48.99999999999935,-335121.05180021026,446839.84307232685,2900908.88002633
49.04999999999935,-341869.81212639797,451042.9211043315,2931216.4840246635
49.09999999999935,-348723.07103437907,455266.16637922195,2961659.025586636
49.149999999999345,-355660.39411313384,459488.2809314653,2992091.542096073
49.19999999999934,-362691.63467030006,463727.8415258453,3022628.7193291895
49.24999999999934,-369766.2334216798,467926.91467936465,3052884.484229403
49.299999999999336,-376906.5378596686,472121.4661917122,3083086.2598644295
49.34999999999933,-384119.8205717435,476327.9591369221,3113333.555856904
49.39999999999933,-391401.1258570272,480547.88285283715,3143626.814107296
49.44999999999933,-398723.8313388171,484756.9758146673,3173796.6496730777
49.499999999999325,-406054.532519478,488924.28479534376,3203628.7215020144
49.54999999999932,-413373.2900445877,493036.5400730182,3233023.9073496344
49.59999999999932,-420671.0908616372,497094.28248401574,3261973.389831932
49.64999999999932,-427936.90851012536,501096.0857399028,3290455.0608981997
49.699999999999314,-435198.48321870965,505085.63120377983,3318743.655886385
49.74999999999931,-442422.3018134329,509035.5433902317,3346644.2628755607
49.79999999999931,-450010.68480146304,513416.79318041506,3377239.933375514
49.849999999999305,-457106.9346624243,517261.1428776037,3404144.9217525134
49.8999999999993,-464007.091325445,520923.59762463253,3429686.904998066
49.9499999999993,-470853.62692439253,524577.1603897726,3454995.444774465
49.9999999999993,-477683.511278533,528273.3943725795,3480397.832912385
